,Source,Destination,num_packets,avg_packet_length,max_packet_length,min_packet_length,time_gaps,max_time_gaps,min_time_gaps
0,0.0.0.0,224.0.0.1,4,60.0,60,60,7.397,18.522,0.634
1,104.208.16.88,192.168.229.51,1,60.0,60,60,,,
2,13.107.136.254,192.168.229.51,1,60.0,60,60,,,
3,13.107.43.254,192.168.229.51,1,60.0,60,60,,,
4,13.107.6.160,192.168.229.51,100,230.5,1406,60,0.648,6.4,0.0
5,13.224.111.111,192.168.229.51,10,87.6,90,66,3.333,14.726,0.223
6,13.89.178.26,172.20.1.253,5,228.8,479,60,3.454,8.727,0.0
7,13.89.179.8,192.168.229.51,16,113.938,501,60,0.434,5.734,0.0
8,13.89.179.9,192.168.229.51,128,151.68,1406,60,0.444,7.411,0.0
9,142.250.184.174,192.168.229.51,4,183.0,183,183,9.728,28.672,0.028
10,142.250.185.10,192.168.229.51,4,79.75,127,60,16.887,45.027,0.024
11,142.250.185.3,192.168.229.51,6,84.333,127,60,11.978,38.456,0.025
12,142.250.185.4,192.168.229.51,18,534.5,1406,60,0.741,9.953,0.0
13,142.250.200.110,192.168.229.51,3,84.333,127,60,7.434,14.842,0.027
14,142.250.200.131,192.168.229.51,2,93.5,127,60,0.028,0.028,0.028
15,142.250.200.98,192.168.229.51,1,66.0,66,66,,,
16,142.250.200.99,192.168.229.51,17,582.706,1392,60,2.063,32.282,0.0
17,142.251.36.35,192.168.229.51,1,66.0,66,66,,,
18,143.166.199.30,192.168.229.51,5,61.4,66,60,0.331,0.999,0.0
19,143.166.28.30,192.168.229.51,4,69.75,74,66,0.089,0.134,0.0
20,149.154.167.91,192.168.229.51,7,126.143,159,60,10.98,25.371,0.002
21,154.61.95.17,192.168.229.51,2,86.0,86,86,42.307,42.307,42.307
22,162.159.26.27,192.168.229.51,6,97.667,139,77,7.415,36.676,0.073
23,162.159.27.78,192.168.229.51,7,103.571,139,77,6.109,36.259,0.064
24,172.16.0.98,239.255.255.250,3,60.0,60,60,28.461,38.75,18.171
25,172.18.226.121,192.168.229.51,45591,792.016,1506,60,0.002,0.158,0.0
26,172.20.0.123,224.0.0.251,2,60.0,60,60,21.496,21.496,21.496
27,172.20.0.124,172.20.255.255,1,243.0,243,243,,,
28,172.20.0.124,224.0.0.252,1,60.0,60,60,,,
29,172.20.0.126,172.20.255.255,1,243.0,243,243,,,
30,172.20.0.126,224.0.0.252,2,60.0,60,60,9.001,9.001,9.001
31,172.20.0.127,172.20.255.255,3,92.0,92,92,0.764,0.764,0.764
32,172.20.0.127,224.0.0.252,3,64.0,66,60,9.25,18.393,0.107
33,172.20.0.139,172.20.255.255,1,243.0,243,243,,,
34,172.20.0.139,224.0.0.251,1,60.0,60,60,,,
35,172.20.0.148,172.20.1.253,49,241.571,1514,60,0.926,12.482,0.0
36,172.20.0.148,224.0.0.252,2,60.0,60,60,12.997,12.997,12.997
37,172.20.0.149,224.0.0.251,1,60.0,60,60,,,
38,172.20.0.149,224.0.0.252,2,60.0,60,60,4.992,4.992,4.992
39,172.20.0.149,239.255.102.18,2,60.0,60,60,14.504,14.504,14.504
40,172.20.0.15,172.20.255.255,1,243.0,243,243,,,
41,172.20.0.15,224.0.0.251,1,60.0,60,60,,,
42,172.20.0.15,239.255.255.250,1,60.0,60,60,,,
43,172.20.0.150,224.0.0.251,1,60.0,60,60,,,
44,172.20.0.153,224.0.0.252,1,60.0,60,60,,,
45,172.20.0.157,224.0.0.251,1,60.0,60,60,,,
46,172.20.0.158,224.0.0.252,1,60.0,60,60,,,
47,172.20.0.179,224.0.0.251,21,247.429,339,147,2.276,20.01,0.0
48,172.20.0.180,224.0.0.251,1,60.0,60,60,,,
49,172.20.0.180,228.5.6.7,2,60.0,60,60,58.724,58.724,58.724
50,172.20.0.181,228.5.6.7,2,60.0,60,60,62.557,62.557,62.557
51,172.20.0.19,172.20.255.255,1,243.0,243,243,,,
52,172.20.0.19,224.0.0.252,1,60.0,60,60,,,
53,172.20.0.197,224.0.0.251,11,163.0,163,163,4.947,10.757,0.668
54,172.20.0.200,172.20.255.255,1,243.0,243,243,,,
55,172.20.0.200,224.0.0.252,1,60.0,60,60,,,
56,172.20.0.21,172.20.255.255,1,243.0,243,243,,,
57,172.20.0.21,224.0.0.251,1,60.0,60,60,,,
58,172.20.0.21,224.0.0.252,1,60.0,60,60,,,
59,172.20.0.22,224.0.0.252,1,60.0,60,60,,,
60,172.20.0.225,239.255.255.253,2,60.0,60,60,21.958,21.958,21.958
61,172.20.0.231,172.20.255.255,34,232.0,232,232,2.115,4.611,0.0
62,172.20.0.232,172.20.255.255,34,232.0,232,232,2.054,4.003,0.0
63,172.20.0.232,228.5.6.7,2,60.0,60,60,11.515,11.515,11.515
64,172.20.0.233,224.0.0.251,1,60.0,60,60,,,
65,172.20.0.233,228.5.6.7,2,60.0,60,60,56.356,56.356,56.356
66,172.20.0.234,224.0.0.251,3,255.0,255,255,20.023,20.086,19.96
67,172.20.0.235,224.0.0.251,1,60.0,60,60,,,
68,172.20.0.24,224.0.0.252,1,60.0,60,60,,,
69,172.20.0.240,224.0.0.251,18,167.333,223,116,1.765,22.064,0.0
70,172.20.0.241,226.10.12.64,2,60.0,60,60,35.495,35.495,35.495
71,172.20.0.241,239.192.169.98,7,126.0,126,126,10.033,10.106,10.0
72,172.20.0.241,239.192.95.180,5,60.0,60,60,14.164,33.959,0.507
73,172.20.0.244,224.0.0.251,19,161.684,223,60,2.668,22.632,0.0
74,172.20.0.28,172.20.255.255,1,243.0,243,243,,,
75,172.20.0.28,224.0.0.251,1,60.0,60,60,,,
76,172.20.0.28,224.0.0.252,1,60.0,60,60,,,
77,172.20.0.3,172.20.1.253,13,60.0,60,60,3.649,19.513,0.504
78,172.20.0.30,224.0.0.252,1,60.0,60,60,,,
79,172.20.0.36,172.20.255.255,2,162.5,243,82,26.947,26.947,26.947
80,172.20.0.36,224.0.0.252,2,60.0,60,60,8.499,8.499,8.499
81,172.20.0.36,255.255.255.255,2,82.0,82,82,38.243,38.243,38.243
82,172.20.0.37,239.255.255.254,2,60.0,60,60,23.006,23.006,23.006
83,172.20.0.4,224.0.0.252,1,60.0,60,60,,,
84,172.20.0.41,172.20.255.255,1,243.0,243,243,,,
85,172.20.0.41,224.0.0.251,1,60.0,60,60,,,
86,172.20.0.41,224.0.0.252,1,60.0,60,60,,,
87,172.20.0.42,172.20.255.255,11,92.0,92,92,4.831,20.762,0.737
88,172.20.0.42,224.0.0.252,9,68.889,70,60,6.781,21.854,0.41
89,172.20.0.47,224.0.0.251,1,60.0,60,60,,,
90,172.20.0.47,224.0.0.252,1,60.0,60,60,,,
91,172.20.0.49,172.20.255.255,1,243.0,243,243,,,
92,172.20.0.49,224.0.0.251,1,60.0,60,60,,,
93,172.20.0.49,224.0.0.252,1,60.0,60,60,,,
94,172.20.0.54,224.0.0.251,1,60.0,60,60,,,
95,172.20.0.57,172.20.255.255,1,82.0,82,82,,,
96,172.20.0.57,224.0.0.251,1,60.0,60,60,,,
97,172.20.0.57,224.0.0.252,1,60.0,60,60,,,
98,172.20.0.57,255.255.255.255,1,82.0,82,82,,,
99,172.20.0.58,172.20.255.255,1,243.0,243,243,,,
100,172.20.0.69,224.0.0.251,16,168.688,224,117,1.638,16.067,0.0
101,172.20.0.70,224.0.0.251,27,162.556,224,117,1.701,15.687,0.0
102,172.20.1.122,172.20.255.255,1,243.0,243,243,,,
103,172.20.1.122,224.0.0.251,1,60.0,60,60,,,
104,172.20.1.148,172.20.255.255,1,243.0,243,243,,,
105,172.20.1.148,224.0.0.252,1,60.0,60,60,,,
106,172.20.1.154,239.255.255.250,4,216.0,216,216,1.005,1.011,1.002
107,172.20.1.164,172.20.1.253,145,241.572,710,60,0.34,15.0,0.0
108,172.20.1.164,172.20.255.255,1,253.0,253,253,,,
109,172.20.1.164,224.0.0.252,1,60.0,60,60,,,
110,172.20.1.22,239.255.255.250,12,338.75,366,308,4.309,39.572,0.04
111,172.20.1.253,13.107.22.200,1,54.0,54,54,,,
112,172.20.1.253,13.89.178.26,7,487.571,843,54,2.331,8.561,0.0
113,172.20.1.253,131.253.33.203,1,54.0,54,54,,,
114,172.20.1.253,172.20.0.148,54,219.519,1514,54,0.839,12.481,0.0
115,172.20.1.253,172.20.0.3,13,66.0,66,66,3.649,19.513,0.504
116,172.20.1.253,172.20.1.164,161,261.354,1514,54,0.306,14.95,0.0
117,172.20.1.253,172.20.255.255,1,255.0,255,255,,,
118,172.20.1.253,18.185.187.139,10,194.0,768,54,0.023,0.036,0.0
119,172.20.1.253,18.197.198.121,11,277.182,1326,54,0.02,0.047,0.0
120,172.20.1.253,204.79.197.219,13,224.308,989,54,3.957,44.961,0.0
121,172.20.1.253,23.214.216.201,4,113.75,281,54,0.034,0.063,0.012
122,172.20.1.253,51.104.15.253,17,397.529,1494,54,3.75,30.09,0.0
123,172.20.1.253,52.111.231.0,2,55.0,55,55,45.034,45.034,45.034
124,172.20.1.253,52.112.190.34,2,55.0,55,55,45.052,45.052,45.052
125,172.20.1.253,52.112.231.42,2,230.0,230,230,40.043,40.043,40.043
126,172.20.1.253,52.113.194.132,2,55.0,55,55,45.02,45.02,45.02
127,172.20.1.253,52.113.199.179,2,55.0,55,55,45.048,45.048,45.048
128,172.20.1.253,52.114.76.233,4,83.0,112,54,13.385,39.971,0.089
129,172.20.1.253,52.58.232.245,58,1070.81,1514,54,0.013,0.271,0.0
130,172.20.1.253,52.97.165.146,2,55.0,55,55,45.036,45.036,45.036
131,172.20.1.253,8.247.214.254,14,158.214,341,54,1.201,15.136,0.01
132,172.20.1.253,93.184.220.29,5,106.8,306,54,7.455,29.725,0.011
133,172.20.1.254,239.255.255.250,1,60.0,60,60,,,
134,172.20.1.255,239.255.255.250,18,694.0,694,694,1.267,4.757,0.118
135,172.20.1.32,172.20.255.255,1,243.0,243,243,,,
136,172.20.1.36,224.0.0.251,1,60.0,60,60,,,
137,172.20.1.38,172.20.255.255,1,243.0,243,243,,,
138,172.20.1.38,224.0.0.251,1,60.0,60,60,,,
139,172.20.110.4,255.255.255.255,1,276.0,276,276,,,
140,172.20.110.5,255.255.255.255,2,277.0,277,277,60.026,60.026,60.026
141,172.20.110.6,255.255.255.255,2,276.0,276,276,60.023,60.023,60.023
142,172.20.110.7,255.255.255.255,1,277.0,277,277,,,
143,172.20.110.8,255.255.255.255,1,277.0,277,277,,,
144,172.20.110.9,255.255.255.255,1,276.0,276,276,,,
145,172.20.2.102,224.0.0.252,1,60.0,60,60,,,
146,172.20.70.155,224.0.0.251,1,60.0,60,60,,,
147,172.20.80.130,172.20.255.255,7,113.571,243,92,8.402,41.93,0.75
148,172.20.80.130,224.0.0.252,10,64.8,66,60,5.263,39.479,0.0
149,172.20.80.131,239.255.255.250,2,60.0,60,60,18.501,18.501,18.501
150,172.20.80.199,224.0.0.251,1,60.0,60,60,,,
151,172.20.80.216,224.0.0.251,25,175.0,226,117,1.036,15.661,0.0
152,172.20.80.223,224.0.0.251,21,237.905,330,60,3.123,18.843,0.0
153,172.20.80.225,226.10.12.64,2,60.0,60,60,2.604,2.604,2.604
154,172.20.80.225,239.192.166.16,1,130.0,130,130,,,
155,172.20.80.225,239.192.169.98,7,126.0,126,126,10.334,11.001,10.0
156,172.20.80.227,172.20.255.255,2,259.5,269,250,0.0,0.0,0.0
157,172.20.80.227,228.5.6.7,1,60.0,60,60,,,
158,172.20.80.228,224.0.0.251,19,161.368,222,60,2.592,22.141,0.0
159,172.20.80.235,224.0.0.251,3,159.0,159,159,20.023,20.086,19.959
160,172.20.80.236,224.0.0.251,1,60.0,60,60,,,
161,172.20.80.241,228.5.6.7,1,60.0,60,60,,,
162,172.20.80.252,224.0.0.251,1,60.0,60,60,,,
163,172.20.80.35,224.0.0.252,2,60.0,60,60,2.495,2.495,2.495
164,172.20.80.36,224.0.0.252,1,60.0,60,60,,,
165,172.20.80.54,224.0.0.251,1,60.0,60,60,,,
166,172.20.90.101,228.7.7.7,3,60.0,60,60,28.465,41.343,15.586
167,172.217.168.170,192.168.229.51,1,66.0,66,66,,,
168,172.217.17.4,192.168.229.51,10,76.1,118,60,5.673,35.259,0.0
169,178.255.155.169,192.168.229.51,15,146.6,222,66,4.664,24.977,0.017
170,18.184.146.114,192.168.229.51,1,87.0,87,87,,,
171,18.185.187.139,172.20.1.253,10,440.9,1514,60,0.02,0.067,0.0
172,18.193.25.83,192.168.229.51,10,442.8,1406,60,0.021,0.054,0.0
173,18.195.235.44,192.168.229.51,3,88.0,99,66,30.08,60.054,0.106
174,18.196.193.167,192.168.229.51,3,60.0,60,60,0.557,0.559,0.556
175,18.197.198.121,172.20.1.253,10,442.8,1514,60,0.02,0.076,0.0
176,18.197.198.121,192.168.229.51,59,254.644,1406,60,0.235,9.382,0.0
177,184.25.40.21,192.168.229.51,4,72.5,85,60,0.92,2.76,0.0
178,192.168.229.10,224.0.0.2,27,61.852,62,60,2.554,3.054,1.016
179,192.168.229.11,224.0.0.2,26,62.0,62,62,2.67,2.981,2.426
180,192.168.229.11,224.0.0.5,8,90.0,90,90,9.383,9.534,9.101
181,192.168.229.51,104.208.16.88,2,60.0,60,60,0.124,0.124,0.124
182,192.168.229.51,13.107.6.160,118,861.771,1406,60,0.548,6.359,0.0
183,192.168.229.51,13.89.179.8,37,1190.0,1406,60,0.181,5.554,0.0
184,192.168.229.51,13.89.179.9,260,1184.046,1406,60,0.218,7.246,0.0
185,192.168.229.51,142.250.185.10,4,60.0,60,60,16.879,45.027,0.017
186,192.168.229.51,142.250.185.3,6,60.0,60,60,11.983,38.44,0.018
187,192.168.229.51,142.250.185.4,16,131.875,571,60,0.84,9.976,0.0
188,192.168.229.51,142.250.200.110,3,60.0,60,60,7.443,14.868,0.017
189,192.168.229.51,142.250.200.131,2,60.0,60,60,0.018,0.018,0.018
190,192.168.229.51,142.250.200.98,1,60.0,60,60,,,
191,192.168.229.51,142.250.200.99,11,282.273,1392,60,0.071,0.493,0.0
192,192.168.229.51,142.251.36.35,1,60.0,60,60,,,
193,192.168.229.51,143.166.199.30,6,79.667,172,60,0.308,1.215,0.0
194,192.168.229.51,143.166.28.30,5,91.2,184,66,0.067,0.133,0.0
195,192.168.229.51,149.154.167.91,7,161.857,383,60,10.996,25.372,0.077
196,192.168.229.51,154.61.95.17,2,124.0,124,124,42.303,42.303,42.303
197,192.168.229.51,162.159.26.27,6,77.0,77,77,7.396,36.781,0.029
198,192.168.229.51,162.159.27.78,7,77.0,77,77,6.109,36.361,0.03
199,192.168.229.51,172.18.226.121,45232,794.903,1514,60,0.002,0.217,0.0
200,192.168.229.51,172.217.168.170,1,60.0,60,60,,,
201,192.168.229.51,172.217.17.4,8,91.875,249,60,7.293,35.257,0.0
202,192.168.229.51,178.255.155.169,12,225.5,336,66,5.93,25.045,0.0
203,192.168.229.51,18.184.146.114,2,75.5,91,60,0.077,0.077,0.077
204,192.168.229.51,18.193.25.83,11,323.727,1326,60,0.022,0.043,0.0
205,192.168.229.51,18.195.235.44,4,84.5,103,66,20.07,59.934,0.076
206,192.168.229.51,18.196.193.167,3,66.0,66,66,0.557,0.558,0.556
207,192.168.229.51,18.197.198.121,88,1007.545,1406,60,0.157,9.322,0.0
208,192.168.229.51,184.25.40.21,4,60.0,60,60,0.932,2.721,0.037
209,192.168.229.51,2.136.108.28,7,114.0,186,60,10.022,10.035,10.016
210,192.168.229.51,2.18.108.128,10,236.6,1406,60,0.042,0.122,0.0
211,192.168.229.51,20.189.173.13,12,438.167,1406,60,0.083,0.357,0.0
212,192.168.229.51,20.189.173.15,1,60.0,60,60,,,
213,192.168.229.51,20.42.65.88,10,319.3,1315,60,0.06,0.128,0.001
214,192.168.229.51,20.43.44.165,4,107.25,123,60,15.028,30.011,0.092
215,192.168.229.51,20.54.37.64,4,78.5,97,60,0.161,0.296,0.092
216,192.168.229.51,20.54.37.73,2,78.5,97,60,0.094,0.094,0.094
217,192.168.229.51,201.144.113.12,7,60.0,60,60,10.02,10.022,10.019
218,192.168.229.51,208.91.197.27,33,64.485,74,60,2.092,8.302,0.237
219,192.168.229.51,212.8.110.73,10,97.8,186,60,6.68,10.021,0.007
220,192.168.229.51,213.227.186.149,32,71.562,110,60,2.108,5.008,0.02
221,192.168.229.51,213.227.186.151,33,71.758,110,60,2.098,5.002,0.0
222,192.168.229.51,213.4.210.241,20,104.1,186,60,3.223,8.902,0.006
223,192.168.229.51,216.58.215.141,2,60.0,60,60,0.027,0.027,0.027
224,192.168.229.51,216.58.215.142,2,60.0,60,60,0.018,0.018,0.018
225,192.168.229.51,3.121.145.255,14,441.571,1406,60,0.02,0.072,0.0
226,192.168.229.51,3.123.241.211,12,66.0,66,66,5.077,19.169,0.849
227,192.168.229.51,3.126.64.205,2,75.5,91,60,0.077,0.077,0.077
228,192.168.229.51,3.127.16.153,13,335.077,1406,60,0.019,0.062,0.0
229,192.168.229.51,3.127.166.34,4,77.0,91,60,0.148,0.282,0.046
230,192.168.229.51,3.127.41.221,42,238.262,1406,60,1.499,29.216,0.0
231,192.168.229.51,3.64.207.203,57,1221.754,1406,66,0.007,0.058,0.0
232,192.168.229.51,40.100.174.18,4,60.0,60,60,15.204,44.495,0.558
233,192.168.229.51,40.100.174.194,16,353.875,1406,60,0.018,0.051,0.0
234,192.168.229.51,40.115.19.176,27,166.963,583,60,0.881,13.056,0.0
235,192.168.229.51,51.104.30.131,8,107.25,123,60,6.74,14.98,0.094
236,192.168.229.51,52.111.231.2,6,322.667,1406,60,2.163,10.36,0.0
237,192.168.229.51,52.113.194.132,18,524.611,1406,60,0.019,0.061,0.0
238,192.168.229.51,52.113.199.51,4,145.0,230,60,13.464,40.139,0.117
239,192.168.229.51,52.113.205.119,258,1220.806,1406,60,0.006,0.18,0.0
240,192.168.229.51,52.113.205.231,3,521.0,1270,60,20.102,40.058,0.145
241,192.168.229.51,52.113.205.35,1,60.0,60,60,,,
242,192.168.229.51,52.114.104.63,15,211.2,1265,60,3.563,40.093,0.0
243,192.168.229.51,52.114.74.213,3,162.333,315,60,9.946,19.787,0.106
244,192.168.229.51,52.114.74.245,2,230.0,230,230,40.055,40.055,40.055
245,192.168.229.51,52.114.76.235,8,86.0,112,60,8.112,23.351,0.09
246,192.168.229.51,52.114.76.61,34,201.324,1264,60,0.191,1.898,0.0
247,192.168.229.51,52.114.92.151,9,346.222,1406,60,6.712,44.962,0.0
248,192.168.229.51,52.114.92.89,2,85.5,111,60,0.094,0.094,0.094
249,192.168.229.51,52.58.228.255,10,197.0,768,60,0.035,0.07,0.0
250,192.168.229.51,52.97.133.242,9,60.0,60,60,5.631,44.949,0.0
251,192.168.229.51,52.97.146.130,2,66.0,66,66,0.002,0.002,0.002
252,192.168.229.51,52.97.208.34,11,462.0,1406,60,4.019,18.089,0.0
253,192.168.229.51,52.97.208.50,4,60.0,60,60,18.084,18.09,18.074
254,192.168.229.51,52.97.211.130,2,60.0,60,60,0.02,0.02,0.02
255,192.168.229.51,52.97.212.114,8,64.5,66,60,7.745,18.095,0.039
256,192.168.229.51,52.97.219.210,13,406.385,1406,66,5.158,18.064,0.0
257,192.168.229.51,52.98.207.146,8,60.0,60,60,7.751,18.125,0.0
258,192.168.229.51,66.163.35.36,1,60.0,60,60,,,
259,192.168.229.51,67.218.238.130,1149,275.422,1514,60,0.06,1.217,0.0
260,192.168.229.51,74.125.71.188,5,163.4,571,60,0.019,0.04,0.0
261,192.168.229.51,8.247.214.254,2,60.0,60,60,0.019,0.019,0.019
262,192.168.229.51,8.8.4.4,6,93.667,114,77,8.754,33.712,0.0
263,192.168.229.51,8.8.8.8,39,86.821,140,74,1.765,8.103,0.0
264,192.168.229.51,80.28.223.178,10,110.4,186,60,6.777,10.871,0.833
265,192.168.229.51,81.45.27.60,10,97.8,186,60,6.683,10.021,3.254
266,192.168.229.51,84.17.62.13,7,65.143,66,60,9.045,10.241,3.254
267,192.168.229.51,93.108.79.61,1275,87.755,1066,60,0.055,0.369,0.0
268,2.136.108.28,192.168.229.51,10,97.8,186,60,6.68,10.021,0.0
269,2.18.108.128,192.168.229.51,11,501.545,1406,60,0.028,0.111,0.0
270,20.189.173.13,192.168.229.51,11,783.727,1406,60,0.071,0.338,0.0
271,20.189.173.15,192.168.229.51,2,63.0,66,60,35.05,35.05,35.05
272,20.42.65.88,192.168.229.51,9,596.667,1406,60,0.055,0.124,0.0
273,20.42.65.90,192.168.229.51,1,60.0,60,60,,,
274,20.43.44.165,192.168.229.51,3,81.0,123,60,22.475,30.033,14.918
275,20.54.37.64,192.168.229.51,2,228.0,228,228,0.388,0.388,0.388
276,20.54.37.73,192.168.229.51,1,228.0,228,228,,,
277,204.79.197.200,192.168.229.51,1,60.0,60,60,,,
278,204.79.197.219,172.20.1.253,16,451.5,1514,60,3.166,45.029,0.0
279,204.79.197.222,192.168.229.51,1,60.0,60,60,,,
280,212.8.110.73,192.168.229.51,10,97.8,186,60,6.68,10.021,0.0
281,213.227.186.149,192.168.229.51,17,79.647,110,60,4.083,5.029,1.374
282,213.227.186.151,192.168.229.51,18,78.556,110,60,3.949,5.013,0.0
283,213.4.210.241,192.168.229.51,21,102.0,186,60,3.061,8.92,0.0
284,216.58.215.141,192.168.229.51,2,93.5,127,60,0.025,0.025,0.025
285,216.58.215.142,192.168.229.51,2,93.5,127,60,0.027,0.027,0.027
286,23.214.216.201,172.20.1.253,3,147.667,317,60,0.02,0.038,0.001
287,3.121.145.255,192.168.229.51,13,481.692,1354,60,0.018,0.055,0.0
288,3.123.100.217,192.168.229.51,2,116.0,116,116,32.02,32.02,32.02
289,3.126.64.205,192.168.229.51,1,87.0,87,87,,,
290,3.127.16.153,192.168.229.51,12,516.667,1354,60,0.018,0.053,0.0
291,3.127.166.34,192.168.229.51,3,80.0,87,66,0.157,0.281,0.032
292,3.127.41.221,192.168.229.51,36,550.111,1514,60,1.756,29.255,0.0
293,3.64.207.203,192.168.229.51,34,179.706,1406,66,0.01,0.072,0.0
294,35.227.207.240,192.168.229.51,3,847.0,847,847,28.928,30.207,27.648
295,40.100.174.18,192.168.229.51,4,66.0,66,66,15.203,44.494,0.557
296,40.100.174.194,192.168.229.51,13,559.846,1406,60,0.016,0.052,0.0
297,40.100.175.146,192.168.229.51,1,60.0,60,60,,,
298,40.115.19.176,192.168.229.51,24,552.583,1406,60,0.993,13.136,0.0
299,51.104.15.253,172.20.1.253,15,426.267,1514,60,4.286,30.09,0.0
300,51.104.30.131,192.168.229.51,6,81.0,123,60,9.436,14.935,2.135
301,52.111.231.0,172.20.1.253,2,66.0,66,66,45.033,45.033,45.033
302,52.111.231.2,192.168.229.51,5,296.0,1090,60,2.684,10.34,0.003
303,52.112.190.34,172.20.1.253,2,66.0,66,66,45.052,45.052,45.052
304,52.112.231.42,172.20.1.253,4,224.25,390,60,13.38,39.955,0.093
305,52.113.194.132,172.20.1.253,2,66.0,66,66,45.021,45.021,45.021
306,52.113.194.132,192.168.229.51,24,342.125,1406,60,0.242,5.317,0.0
307,52.113.195.132,192.168.229.51,1,60.0,60,60,,,
308,52.113.199.179,172.20.1.253,2,66.0,66,66,45.048,45.048,45.048
309,52.113.199.51,192.168.229.51,4,226.75,394,60,13.511,39.958,0.264
310,52.113.205.119,192.168.229.51,167,452.838,1406,60,0.008,0.184,0.0
311,52.113.205.231,192.168.229.51,4,227.0,394,60,13.454,39.958,0.107
312,52.113.205.35,192.168.229.51,2,63.0,66,60,30.747,30.747,30.747
313,52.114.104.63,192.168.229.51,25,367.28,1406,60,2.087,39.955,0.0
314,52.114.74.213,192.168.229.51,3,442.0,1165,60,9.967,19.829,0.106
315,52.114.74.245,192.168.229.51,4,222.75,386,60,13.39,39.939,0.108
316,52.114.76.233,172.20.1.253,2,101.0,101,101,40.064,40.064,40.064
317,52.114.76.235,192.168.229.51,4,101.0,101,101,18.882,23.478,16.578
318,52.114.76.61,192.168.229.51,29,375.103,1406,60,0.221,2.01,0.0
319,52.114.92.151,192.168.229.51,9,156.444,834,60,6.712,32.564,0.0
320,52.114.92.89,192.168.229.51,1,100.0,100,100,,,
321,52.58.228.255,192.168.229.51,10,440.9,1406,60,0.029,0.078,0.0
322,52.58.232.245,172.20.1.253,38,261.474,1514,60,0.019,0.296,0.0
323,52.97.133.242,192.168.229.51,16,351.375,1141,88,3.0,44.997,0.0
324,52.97.146.130,192.168.229.51,4,363.25,655,101,0.0,0.0,0.0
325,52.97.165.146,172.20.1.253,2,66.0,66,66,45.036,45.036,45.036
326,52.97.208.18,192.168.229.51,1,60.0,60,60,,,
327,52.97.208.34,192.168.229.51,8,224.5,1088,60,5.741,18.093,0.0
328,52.97.208.50,192.168.229.51,4,97.0,97,97,18.085,18.087,18.082
329,52.97.211.114,192.168.229.51,1,60.0,60,60,,,
330,52.97.211.130,192.168.229.51,3,438.333,1137,89,0.0,0.0,0.0
331,52.97.212.114,192.168.229.51,6,93.667,109,60,10.839,18.085,0.316
332,52.97.219.210,192.168.229.51,12,283.583,1318,66,5.632,18.069,0.0
333,52.98.207.146,192.168.229.51,8,97.0,97,97,7.748,18.092,0.0
334,66.163.35.36,192.168.229.51,1,60.0,60,60,,,
335,67.218.238.130,192.168.229.51,1199,467.515,1514,60,0.058,1.252,0.0
336,74.125.71.188,192.168.229.51,16,1088.75,1406,60,2.079,15.36,0.0
337,8.247.214.254,172.20.1.253,11,211.636,390,60,1.555,15.212,0.0
338,8.247.214.254,192.168.229.51,1,60.0,60,60,,,
339,8.8.4.4,192.168.229.51,6,136.667,179,83,8.758,33.71,0.012
340,8.8.8.8,192.168.229.51,39,166.897,319,93,1.765,8.081,0.0
341,80.28.223.178,192.168.229.51,11,105.818,186,60,6.018,10.049,0.0
342,81.45.27.60,192.168.229.51,10,97.8,186,60,6.68,10.02,0.02
343,84.17.62.13,192.168.229.51,7,67.714,78,66,9.045,10.241,3.275
344,93.108.79.61,192.168.229.51,1728,95.905,1066,60,0.041,0.334,0.0
345,93.184.220.29,172.20.1.253,4,128.0,326,60,9.933,29.768,0.001
346,ArubaHewlett_ea:f0:50,LLDP_Multicast,2,299.0,299,299,30.003,30.003,30.003
347,ArubaHewlett_ea:f0:50,PVST+,35,64.0,64,64,2.0,2.027,1.973
348,ArubaHewlett_ea:f0:50,Spanning-tree-(for-bridges)_00,35,60.0,60,60,2.0,2.027,1.973
349,ArubaHewlett_ea:f0:6d,LLDP_Multicast,3,290.0,290,290,29.979,30.0,29.958
350,ArubaHewlett_ea:f0:6d,PVST+,35,64.0,64,64,2.0,2.027,1.973
351,Cisco_ce:95:10,Broadcast,10,60.0,60,60,7.449,14.984,2.992
352,Dell_0b:49:a0,VMware_b2:7d:0d,3,42.0,42,42,31.494,41.273,21.715
353,Dell_0b:49:a0,VMware_b2:b8:aa,1,42.0,42,42,,,
354,Dell_97:22:b8,Broadcast,3,60.0,60,60,0.844,0.995,0.693
355,HewlettPacka_0a:26:61,All-FCF-MACs,17,60.0,60,60,3.879,8.008,2.001
356,HewlettPacka_0a:26:63,All-FCF-MACs,17,60.0,60,60,4.253,8.006,2.0
357,HewlettPacka_5b:69:18,Broadcast,6,60.0,60,60,1.2,2.0,0.999
358,HewlettPacka_7c:7d:64,Broadcast,2,60.0,60,60,19.713,19.713,19.713
359,HewlettPacka_c6:25:11,All-FCF-MACs,17,60.0,60,60,3.877,8.003,1.999
360,HewlettPacka_c6:25:13,All-FCF-MACs,17,60.0,60,60,3.878,8.008,2.0
361,HewlettPacka_c6:33:c1,All-FCF-MACs,17,60.0,60,60,3.878,8.008,2.0
362,HewlettPacka_c6:33:c3,All-FCF-MACs,17,60.0,60,60,3.878,8.006,1.999
363,HewlettPacka_f9:f8:cc,Broadcast,1,60.0,60,60,,,
364,VMware_98:00:0b,Broadcast,1,60.0,60,60,,,
365,VMware_b2:08:1b,Broadcast,3,60.0,60,60,0.85,1.0,0.701
366,VMware_b2:0b:c9,Broadcast,4,60.0,60,60,1.5,2.922,0.578
367,VMware_b2:15:bf,Broadcast,2,60.0,60,60,13.032,13.032,13.032
368,VMware_b2:2e:f7,Broadcast,4,60.0,60,60,1.667,3.013,0.984
369,VMware_b2:33:0b,Broadcast,3,60.0,60,60,11.846,13.775,9.916
370,VMware_b2:38:1e,Broadcast,12,60.0,60,60,2.5,12.315,0.672
371,VMware_b2:45:c0,Broadcast,18,60.0,60,60,2.562,12.065,0.001
372,VMware_b2:69:a8,Broadcast,6,60.0,60,60,1.002,1.003,1.002
373,VMware_b2:70:e9,Broadcast,1,60.0,60,60,,,
374,VMware_b2:73:3b,Broadcast,7,60.0,60,60,9.028,26.359,1.174
375,VMware_b2:7d:0d,Broadcast,145,60.0,60,60,0.478,1.08,0.004
376,VMware_b2:7d:0d,Dell_0b:49:a0,3,60.0,60,60,31.493,41.272,21.715
377,VMware_b2:84:3f,Broadcast,6,60.0,60,60,1.003,1.004,1.002
378,VMware_b2:92:58,Broadcast,1,60.0,60,60,,,
379,VMware_b2:96:0e,Broadcast,2,60.0,60,60,24.948,24.948,24.948
380,VMware_b2:98:66,Broadcast,3,60.0,60,60,18.306,19.723,16.889
381,VMware_b2:a0:09,Broadcast,12,60.0,60,60,4.128,32.552,0.897
382,VMware_b2:a4:8e,Broadcast,25,60.0,60,60,2.375,12.478,0.513
383,VMware_b2:a6:a8,Broadcast,2,60.0,60,60,0.002,0.002,0.002
384,VMware_b2:ac:3a,Broadcast,68,60.0,60,60,1.032,2.004,0.453
385,VMware_b2:ac:fc,Broadcast,1,60.0,60,60,,,
386,VMware_b2:ad:17,Broadcast,49,60.0,60,60,1.401,10.218,0.008
387,VMware_b2:b8:aa,Broadcast,50,60.0,60,60,1.355,6.797,0.017
388,VMware_b2:b8:aa,Dell_0b:49:a0,1,60.0,60,60,,,
389,VMware_b2:b8:dd,Broadcast,25,60.0,60,60,2.717,24.206,0.733
390,VMware_b2:c5:96,Broadcast,1,60.0,60,60,,,
391,VMware_b2:ca:2b,Broadcast,7,60.0,60,60,1.752,4.393,0.607
392,VMware_b2:cf:82,Broadcast,1,60.0,60,60,,,
393,VMware_b2:ed:d9,Broadcast,16,60.0,60,60,2.133,12.071,0.917
394,VMware_b2:f0:bc,Broadcast,3,60.0,60,60,0.85,1.0,0.699
395,VMware_b2:fd:b9,Broadcast,26,60.0,60,60,2.56,10.764,0.247
396,VMware_b2:fe:78,Broadcast,1,60.0,60,60,,,
397,VMware_b7:43:12,Broadcast,1,60.0,60,60,,,
398,VMware_ba:5d:51,Broadcast,19,60.0,60,60,2.769,28.288,0.288
399,fe80::4cf7:2f1d:af9c:36d4,ff02::1:2,1,168.0,168,168,,,
400,fe80::5ce5:5cb5:d7cc:7e68,ff02::1:3,2,86.0,86,86,0.107,0.107,0.107
401,fe80::75fc:9b76:9892:3cc5,ff02::1:2,7,171.0,171,171,5.336,16.001,0.998
402,fe80::78b2:8d4b:efa3:f96d,ff02::1:2,2,169.0,169,169,32.015,32.015,32.015
403,fe80::84e2:3fe1:51c8:80d3,ff02::1:2,1,171.0,171,171,,,
404,fe80::84e2:3fe1:51c8:80d3,ff02::1:3,8,86.0,86,86,6.271,43.059,0.0
405,fe80::92a4:5178:a369:d18a,ff02::fb,3,218.0,218,218,20.023,20.086,19.96
406,fe80::9618:82ff:fe7e:11de,ff02::1:2,1,129.0,129,129,,,
407,fe80::b8b5:c20f:6c6c:f1ae,ff02::1:2,7,171.0,171,171,5.342,16.011,1.007
408,fe80::cba:3d90:4d58:f0e9,ff02::1:3,8,90.0,90,90,6.745,21.854,0.41
409,fe80::ea39:35ff:fe20:69de,ff02::1:2,1,129.0,129,129,,,
410,fe80::f6b8:3384:d217:4a70,ff02::fb,3,179.0,179,179,20.023,20.086,19.959
